{"cameraMode":{"drawMode":0,"name":"Shaded","section":"Shading Mode"},"sceneLighting":false,"audioPlay":false,"sceneViewState":{"showFog":true,"showMaterialUpdate":false,"showSkybox":true,"showFlares":true,"showImageEffects":true,"showParticleSystems":true},"in2DMode":false,"pivot":{"x":12.46792984008789,"y":3.933161973953247,"z":18.552528381347658},"rotation":{"x":0.12990620732307435,"y":0.05828120559453964,"z":-0.007656511384993792,"w":0.9898008704185486},"size":20.729991912841798,"orthographic":false}